rank,model,method,lr,init,momentum,cv_mse,cv_r2,diverged,mean_epochs
1,polynomial,sto,0.001,xavier,0.0,0.06505166596350653,0.8869920271486194,0.0,100.0
2,polynomial,sto,0.001,zeros,0.0,0.06529323046297499,0.8866381514882107,0.0,100.0
3,polynomial,sto,0.0001,zeros,0.9,0.06540034038999057,0.8864625217427566,0.0,100.0
4,polynomial,sto,0.0001,xavier,0.9,0.06570195642218227,0.8857429087870068,0.0,97.0
5,polynomial,mini,0.01,zeros,0.9,0.06704359597389001,0.8836088412700513,0.0,100.0
6,normal,sto,0.001,xavier,0.0,0.06932489515089438,0.8796253217191314,0.0,100.0
7,normal,sto,0.0001,xavier,0.9,0.06937849776764457,0.8795310195659635,0.0,100.0
8,normal,mini,0.01,xavier,0.9,0.0696073872892404,0.8791383951129591,0.0,96.2
9,normal,sto,0.0001,zeros,0.9,0.06965990446263723,0.8790791971570817,0.0,100.0
10,normal,sto,0.001,zeros,0.0,0.06968994949610263,0.8790220981018357,0.0,100.0
11,polynomial,mini,0.01,xavier,0.9,0.07000522578831343,0.8784490209132791,0.0,94.0
12,normal,mini,0.01,zeros,0.9,0.07056720968419983,0.8774477508207891,0.0,90.0
13,lasso,sto,0.001,xavier,0.0,0.0706705682071606,0.8772814530324362,0.0,98.0
14,lasso,sto,0.0001,xavier,0.9,0.070711344576953,0.8772113693093722,0.0,100.0
15,lasso,sto,0.0001,zeros,0.9,0.07101902757395646,0.876725937737113,0.0,100.0
16,lasso,sto,0.001,zeros,0.0,0.07104581640051666,0.8766746350743982,0.0,100.0
17,lasso,mini,0.01,zeros,0.9,0.07106822457333521,0.8765687480444324,0.0,81.6
18,lasso,mini,0.01,xavier,0.9,0.07107496175517776,0.8765764616455716,0.0,100.0
19,normal,sto,0.001,xavier,0.9,0.0717158421387415,0.8755968611530405,0.0,100.0
20,normal,sto,0.01,xavier,0.0,0.072999901074234,0.8734377159464464,0.0,100.0
21,ridge,sto,0.001,xavier,0.0,0.07356776219927999,0.8722924884335091,0.0,100.0
22,ridge,sto,0.0001,xavier,0.9,0.0736307955241198,0.8721802285456317,0.0,100.0
23,ridge,mini,0.01,xavier,0.9,0.07395300401957478,0.8716034361825387,0.0,100.0
24,lasso,sto,0.001,xavier,0.9,0.07395967384535165,0.8717620518903247,0.0,100.0
25,ridge,sto,0.0001,zeros,0.9,0.07401051654773563,0.8715891076834019,0.0,100.0
26,ridge,sto,0.001,zeros,0.0,0.074031329540062,0.8715486262011162,0.0,100.0
27,ridge,mini,0.01,zeros,0.9,0.07445659340807072,0.8708200940836676,0.0,100.0
28,lasso,sto,0.01,xavier,0.0,0.07467900789379957,0.8705808941599665,0.0,100.0
29,normal,sto,0.01,zeros,0.0,0.07468481674655549,0.8700290446587073,0.0,100.0
30,normal,sto,0.001,zeros,0.9,0.07490078985398761,0.8696728328981598,0.0,100.0
31,ridge,mini,0.01,xavier,0.0,0.07555726272730667,0.8688492359674015,0.0,100.0
32,ridge,mini,0.001,xavier,0.9,0.07556048577076244,0.868846572328638,0.0,100.0
33,ridge,mini,0.001,zeros,0.9,0.07565337788225909,0.8686851790553172,0.0,99.8
34,ridge,mini,0.01,zeros,0.0,0.07575180208757433,0.8685234476404776,0.0,100.0
35,lasso,sto,0.001,zeros,0.9,0.0764840717366688,0.8669524752941726,0.0,100.0
36,lasso,sto,0.01,zeros,0.0,0.07652381079319684,0.8668560618366963,0.0,100.0
37,ridge,sto,0.001,xavier,0.9,0.07685779741517093,0.8668006070901857,0.0,100.0
38,ridge,sto,0.01,xavier,0.0,0.07778863417852534,0.8652750328623415,0.0,100.0
39,ridge,sto,0.001,zeros,0.9,0.07914781029912542,0.8624374961983815,0.0,100.0
40,ridge,sto,0.01,zeros,0.0,0.07917590638789686,0.862357551218342,0.0,100.0
41,polynomial,mini,0.001,zeros,0.9,0.08039020256996446,0.8604274149707883,0.0,100.0
42,lasso,mini,0.001,zeros,0.9,0.08048848069014654,0.8602590976520798,0.0,100.0
43,lasso,mini,0.01,xavier,0.0,0.08057865501798558,0.8600918204358955,0.0,100.0
44,lasso,mini,0.001,xavier,0.9,0.08058958779114012,0.8600758907326334,0.0,100.0
45,lasso,mini,0.01,zeros,0.0,0.08063737976735072,0.8600042277305668,0.0,100.0
46,polynomial,mini,0.01,zeros,0.0,0.08088872333916552,0.859569779906235,0.0,100.0
47,polynomial,mini,0.001,xavier,0.9,0.08137150267064668,0.8586881478693712,0.0,100.0
48,polynomial,mini,0.01,xavier,0.0,0.08206516706811372,0.8574968385436076,0.0,100.0
49,normal,mini,0.001,zeros,0.9,0.08284405177903358,0.8561715298379179,0.0,100.0
50,normal,mini,0.01,zeros,0.0,0.08299400120842199,0.8559155014244751,0.0,100.0
51,polynomial,sto,0.001,zeros,0.9,0.08302134744630235,0.8554936546586797,0.0,100.0
52,normal,mini,0.01,xavier,0.0,0.08309732056083788,0.8557243432396829,0.0,100.0
53,normal,mini,0.001,xavier,0.9,0.0831096171260993,0.8557057936043684,0.0,100.0
54,polynomial,sto,0.01,zeros,0.0,0.08630963585723964,0.850197311712759,0.0,100.0
55,polynomial,sto,0.01,xavier,0.0,0.09344901900318406,0.8363078391158852,0.0,100.0
56,ridge,sto,0.0001,zeros,0.0,0.09378073995747867,0.8372278253730758,0.0,100.0
57,ridge,sto,0.0001,xavier,0.0,0.094174803293623,0.836518788065993,0.0,100.0
58,polynomial,sto,0.001,xavier,0.9,0.10819304593986286,0.8087016713857285,0.0,100.0
59,lasso,sto,0.0001,zeros,0.0,0.12255880211754197,0.7872637601632558,0.0,100.0
60,lasso,sto,0.0001,xavier,0.0,0.12398262081484437,0.7846900523626859,0.0,100.0
61,polynomial,sto,0.0001,zeros,0.0,0.12588919868517984,0.7814269571402639,0.0,100.0
62,normal,sto,0.0001,zeros,0.0,0.1275758504238384,0.7785514794958903,0.0,100.0
63,polynomial,sto,0.0001,xavier,0.0,0.12785452443307369,0.7778458226209752,0.0,100.0
64,normal,sto,0.0001,xavier,0.0,0.12921518688637168,0.7756093723155307,0.0,100.0
65,normal,sto,0.01,xavier,0.9,0.151519907451857,0.7417179288623317,0.0,100.0
66,lasso,sto,0.01,xavier,0.9,0.23547586177361768,0.6062211351194253,0.0,100.0
67,ridge,sto,0.01,xavier,0.9,0.2578144334424764,0.5693610341132438,0.0,100.0
68,ridge,sto,0.01,zeros,0.9,0.26962023904490773,0.5135174283451922,0.0,100.0
69,lasso,sto,0.01,zeros,0.9,0.2874270290415426,0.4785017986026,0.0,100.0
70,normal,sto,0.01,zeros,0.9,0.3409422501197007,0.37822450630836224,0.0,100.0
71,ridge,batch,0.01,zeros,0.9,0.5358882619488374,0.06946246573892541,0.0,100.0
72,ridge,batch,0.01,xavier,0.9,0.547327386438208,0.04925280594809041,0.0,100.0
73,ridge,mini,0.001,zeros,0.0,0.6068818992292144,-0.053511409139319066,0.0,100.0
74,ridge,mini,0.0001,zeros,0.9,0.6069748482755009,-0.053668760014337645,0.0,100.0
75,ridge,mini,0.001,xavier,0.0,0.6188794128652143,-0.07474250642920674,0.0,100.0
76,ridge,mini,0.0001,xavier,0.9,0.6190231946432827,-0.07499311320767725,0.0,100.0
77,lasso,batch,0.01,zeros,0.9,0.6708190443972525,-0.1649069443110934,0.0,100.0
78,normal,batch,0.01,zeros,0.9,0.6760030235884549,-0.17390606332042768,0.0,100.0
79,lasso,batch,0.01,xavier,0.9,0.6859556278153136,-0.1916715804948519,0.0,100.0
80,normal,batch,0.01,xavier,0.9,0.6913668614360127,-0.20106138958665146,0.0,100.0
81,lasso,mini,0.001,zeros,0.0,0.7347157801011822,-0.27547864329700467,0.0,100.0
82,lasso,mini,0.0001,zeros,0.9,0.7348552041908702,-0.27571742794850734,0.0,100.0
83,normal,mini,0.001,zeros,0.0,0.7400282397902711,-0.28470317074729834,0.0,100.0
84,normal,mini,0.0001,zeros,0.9,0.7401616937783525,-0.28493161300754305,0.0,100.0
85,polynomial,batch,0.01,zeros,0.9,0.7437000859065517,-0.2919328282487239,0.0,100.0
86,lasso,mini,0.001,xavier,0.0,0.7498582275538401,-0.30230486797695066,0.0,100.0
87,lasso,mini,0.0001,xavier,0.9,0.7501042483271307,-0.3027333529940871,0.0,100.0
88,normal,mini,0.001,xavier,0.0,0.7554388463798902,-0.3119880402521946,0.0,100.0
89,normal,mini,0.0001,xavier,0.9,0.7556824783395488,-0.31241245151078995,0.0,100.0
90,polynomial,batch,0.01,xavier,0.9,0.7574996236787237,-0.3168072152298812,0.0,100.0
91,polynomial,mini,0.0001,zeros,0.9,0.8272506687900225,-0.43675400045510565,0.0,100.0
92,polynomial,mini,0.001,zeros,0.0,0.8273927079532388,-0.4370139831401761,0.0,100.0
93,polynomial,mini,0.001,xavier,0.0,0.8422500270291039,-0.4637498569256809,0.0,100.0
94,polynomial,mini,0.0001,xavier,0.9,0.8424877575773374,-0.46418341943440555,0.0,100.0
95,polynomial,batch,0.001,zeros,0.9,13.99164637369177,-23.30082561262617,0.0,100.0
96,polynomial,batch,0.001,xavier,0.9,14.055877684785411,-23.4118292790297,0.0,100.0
97,polynomial,batch,0.01,zeros,0.0,14.70185111211353,-24.533356909521753,0.0,100.0
98,polynomial,batch,0.01,xavier,0.0,14.76539557860317,-24.6430683629772,0.0,100.0
99,normal,batch,0.001,zeros,0.9,14.867554146963494,-24.834310371069527,0.0,100.0
100,lasso,batch,0.001,zeros,0.9,14.873086337770918,-24.843865912280165,0.0,100.0
101,ridge,batch,0.001,zeros,0.9,14.930726495286331,-24.943914187688662,0.0,100.0
102,normal,batch,0.001,xavier,0.9,14.993986329710523,-25.058470877415534,0.0,100.0
103,lasso,batch,0.001,xavier,0.9,14.998423579344902,-25.066120771695527,0.0,100.0
104,ridge,batch,0.001,xavier,0.9,15.057777982055736,-25.16920819631764,0.0,100.0
105,normal,batch,0.01,zeros,0.0,15.48969715804039,-25.91329442659623,0.0,100.0
106,lasso,batch,0.01,zeros,0.0,15.495605922480436,-25.923528647865982,0.0,100.0
107,ridge,batch,0.01,zeros,0.0,15.561153593555753,-26.03729457517208,0.0,100.0
108,normal,batch,0.01,xavier,0.0,15.616328876773471,-26.137077265431042,0.0,100.0
109,lasso,batch,0.01,xavier,0.0,15.621363615200357,-26.14579080418086,0.0,100.0
110,ridge,batch,0.01,xavier,0.0,15.688457706087316,-26.262311632503515,0.0,100.0
111,polynomial,mini,0.0001,zeros,0.0,19.416988699614926,-32.72436562988561,0.0,100.0
112,polynomial,mini,0.0001,xavier,0.0,19.488210316172523,-32.84639247819079,0.0,100.0
113,normal,mini,0.0001,zeros,0.0,20.215784439192156,-34.12268321058674,0.0,100.0
114,lasso,mini,0.0001,zeros,0.0,20.222284561317956,-34.133940574634536,0.0,100.0
115,ridge,mini,0.0001,zeros,0.0,20.293732373693754,-34.257952110413775,0.0,100.0
116,normal,mini,0.0001,xavier,0.0,20.373487662268957,-34.40029671691607,0.0,100.0
117,lasso,mini,0.0001,xavier,0.0,20.37891991438475,-34.40969424035266,0.0,100.0
118,ridge,mini,0.0001,xavier,0.0,20.452290862692376,-34.537141568252906,0.0,100.0
119,polynomial,batch,0.001,zeros,0.0,128.8800693395627,-222.84438735673243,0.0,100.0
120,normal,batch,0.001,zeros,0.0,129.05996272079022,-223.14913321039376,0.0,100.0
121,lasso,batch,0.001,zeros,0.0,129.06304338044083,-223.15447022325733,0.0,100.0
122,ridge,batch,0.001,zeros,0.0,129.0671476391796,-223.1616053554373,0.0,100.0
123,polynomial,batch,0.001,xavier,0.0,129.13111344499694,-223.2687795215439,0.0,100.0
124,normal,batch,0.001,xavier,0.0,129.65050487525048,-224.1646920678868,0.0,100.0
125,lasso,batch,0.001,xavier,0.0,129.65189577373812,-224.16711623863566,0.0,100.0
126,ridge,batch,0.001,xavier,0.0,129.65834646114322,-224.17840468447133,0.0,100.0
127,polynomial,batch,0.0001,zeros,0.9,131.555285848736,-227.49050773447706,0.0,100.0
128,normal,batch,0.0001,zeros,0.9,131.723814182912,-227.77515244694177,0.0,100.0
129,lasso,batch,0.0001,zeros,0.9,131.7266877081978,-227.78013079841003,0.0,100.0
130,ridge,batch,0.0001,zeros,0.9,131.72899827098735,-227.78415141556493,0.0,100.0
131,polynomial,batch,0.0001,xavier,0.9,131.8093075629894,-227.91984428318952,0.0,100.0
132,normal,batch,0.0001,xavier,0.9,132.32408273024163,-228.80721520670144,0.0,100.0
133,lasso,batch,0.0001,xavier,0.9,132.3252185660919,-228.80919776148397,0.0,100.0
134,ridge,batch,0.0001,xavier,0.9,132.32987358290092,-228.81736237844885,0.0,100.0
135,polynomial,batch,0.0001,zeros,0.0,162.15028907367736,-280.614357714682,0.0,100.0
136,normal,batch,0.0001,zeros,0.0,162.1794710479062,-280.66376094246215,0.0,100.0
137,ridge,batch,0.0001,zeros,0.0,162.17956039653964,-280.6639160450599,0.0,100.0
138,lasso,batch,0.0001,zeros,0.0,162.17983926365415,-280.66439904617175,0.0,100.0
139,polynomial,batch,0.0001,xavier,0.0,162.60894441275843,-281.39324814170675,0.0,100.0
140,normal,batch,0.0001,xavier,0.0,162.8858931519854,-281.87622160173095,0.0,100.0
141,lasso,batch,0.0001,xavier,0.0,162.88596079919375,-281.87634011617666,0.0,100.0
142,ridge,batch,0.0001,xavier,0.0,162.8860598970071,-281.8765236078067,0.0,100.0
143,polynomial,sto,0.01,xavier,0.9,,,1.0,2.0
144,polynomial,sto,0.01,zeros,0.9,,,1.0,2.0
